隆荐斥,隆荐矫档,隆荐矫焙备,隆荐盒幅,隆荐陛咀
2014,堡林,悼备,秒垫技,21979300
2014,堡林,辑备,秒垫技,75302092
2014,堡林,巢备,秒垫技,54007977
2014,堡林,合备,秒垫技,102944096
2014,堡林,堡魂备,秒垫技,107604963
2014,堡林,悼备,林刮技,550657
2014,堡林,辑备,林刮技,1261347
2014,堡林,巢备,林刮技,600383
2014,堡林,合备,林刮技,1348955
2014,堡林,堡魂备,林刮技,1426421
2014,堡林,悼备,瘤规家垫技,23647278
2014,堡林,辑备,瘤规家垫技,49410702
2014,堡林,巢备,瘤规家垫技,18715160
2014,堡林,合备,瘤规家垫技,38522304
2014,堡林,堡魂备,瘤规家垫技,61973334
2015,堡林,悼备,秒垫技,25775210
2015,堡林,辑备,秒垫技,89436418
2015,堡林,巢备,秒垫技,57406318
2015,堡林,合备,秒垫技,109947669
2015,堡林,堡魂备,秒垫技,119084854
2015,堡林,悼备,林刮技,928251
2015,堡林,辑备,林刮技,2107940
2015,堡林,巢备,林刮技,1148769
2015,堡林,合备,林刮技,2430732
2015,堡林,堡魂备,林刮技,2523577
2015,堡林,悼备,瘤规家垫技,24911844
2015,堡林,辑备,瘤规家垫技,65627418
2015,堡林,巢备,瘤规家垫技,23484862
2015,堡林,合备,瘤规家垫技,47701233
2015,堡林,堡魂备,瘤规家垫技,85167478
2016,堡林,悼备,秒垫技,28495984
2016,堡林,辑备,秒垫技,115844772
2016,堡林,巢备,秒垫技,53338500
2016,堡林,合备,秒垫技,94036603
2016,堡林,堡魂备,秒垫技,123366900
2016,堡林,悼备,林刮技,924947
2016,堡林,辑备,林刮技,2395421
2016,堡林,巢备,林刮技,1184389
2016,堡林,合备,林刮技,2537815
2016,堡林,堡魂备,林刮技,2661759
2016,堡林,悼备,瘤规家垫技,25831190
2016,堡林,辑备,瘤规家垫技,84024668
2016,堡林,巢备,瘤规家垫技,24175425
2016,堡林,合备,瘤规家垫技,56507599
2016,堡林,堡魂备,瘤规家垫技,73929597
